{
  "generated_at": "2026-06-15T05:28:27.330Z",
  "total": 12,
  "records": [
    {
      "mid": "2040162",
      "code": "周四001",
      "home": "墨西哥",
      "away": "南非",
      "handicap": -1,
      "spf_home": 1.26,
      "spf_draw": 4.45,
      "spf_away": 9,
      "spf_p0_home": 0.702668561503237,
      "spf_p0_draw": 0.1989578398863098,
      "spf_p0_away": 0.09837359861045318,
      "spf_min_odds": 1.26,
      "spf_max_odds": 9,
      "spf_vig": 0.12948100588550027,
      "rqspf_home": 2,
      "rqspf_draw": 3.25,
      "rqspf_away": 3.11,
      "rqspf_p0_home": 0.442777351878217,
      "rqspf_p0_draw": 0.2724783703865951,
      "rqspf_p0_away": 0.2847442777351878,
      "rqspf_vig": 0.12923571605243644,
      "home_goals": 2,
      "away_goals": 0,
      "total_goals": 2,
      "score_diff": 2,
      "actual_winner": "home",
      "actual_handicap_result": "home_win",
      "spf_hit": true,
      "rqspf_hit": true
    },
    {
      "mid": "2040163",
      "code": "周四002",
      "home": "韩国",
      "away": "捷克",
      "handicap": -1,
      "spf_home": 2.49,
      "spf_draw": 2.75,
      "spf_away": 2.75,
      "spf_p0_home": 0.3557567917205692,
      "spf_p0_draw": 0.3221216041397154,
      "spf_p0_away": 0.3221216041397154,
      "spf_min_odds": 2.49,
      "spf_max_odds": 2.75,
      "spf_vig": 0.12887915297553842,
      "rqspf_home": 5.8,
      "rqspf_draw": 4.05,
      "rqspf_away": 1.41,
      "rqspf_p0_home": 0.15277499097074523,
      "rqspf_p0_draw": 0.21878887595810426,
      "rqspf_p0_away": 0.6284361330711505,
      "rqspf_vig": 0.12854723150639025,
      "home_goals": 2,
      "away_goals": 1,
      "total_goals": 3,
      "score_diff": 1,
      "actual_winner": "home",
      "actual_handicap_result": "draw",
      "spf_hit": true,
      "rqspf_hit": false
    },
    {
      "mid": "2040164",
      "code": "周五003",
      "home": "加拿大",
      "away": "波黑",
      "handicap": -1,
      "spf_home": 1.62,
      "spf_draw": 3.32,
      "spf_away": 4.75,
      "spf_p0_home": 0.5467455293065311,
      "spf_p0_draw": 0.26678546911945195,
      "spf_p0_away": 0.1864690015740169,
      "spf_min_odds": 1.62,
      "spf_max_odds": 4.75,
      "spf_vig": 0.1290150856838661,
      "rqspf_home": 2.95,
      "rqspf_draw": 3.3,
      "rqspf_away": 2.05,
      "rqspf_p0_home": 0.30003326311120965,
      "rqspf_p0_draw": 0.2682115533872935,
      "rqspf_p0_away": 0.4317551835014969,
      "rqspf_vig": 0.12981823192654107,
      "home_goals": 1,
      "away_goals": 1,
      "total_goals": 2,
      "score_diff": 0,
      "actual_winner": "draw",
      "actual_handicap_result": "home_lose",
      "spf_hit": false,
      "rqspf_hit": true
    },
    {
      "mid": "2040165",
      "code": "周五004",
      "home": "美国",
      "away": "巴拉圭",
      "handicap": -1,
      "spf_home": 1.79,
      "spf_draw": 3.25,
      "spf_away": 3.8,
      "spf_p0_home": 0.4946034161677246,
      "spf_p0_draw": 0.2724123430585314,
      "spf_p0_away": 0.23298424077374394,
      "spf_min_odds": 1.79,
      "spf_max_odds": 3.8,
      "spf_vig": 0.1295094203062448,
      "rqspf_home": 3.95,
      "rqspf_draw": 3.4,
      "rqspf_away": 1.72,
      "rqspf_p0_home": 0.2243019331083154,
      "rqspf_p0_draw": 0.2605860693464253,
      "rqspf_p0_away": 0.5151119975452593,
      "rqspf_vig": 0.12867755285805815,
      "home_goals": 4,
      "away_goals": 1,
      "total_goals": 5,
      "score_diff": 3,
      "actual_winner": "home",
      "actual_handicap_result": "home_win",
      "spf_hit": true,
      "rqspf_hit": false
    },
    {
      "mid": "2040166",
      "code": "周六005",
      "home": "卡塔尔",
      "away": "瑞士",
      "handicap": 2,
      "spf_home": null,
      "spf_draw": null,
      "spf_away": null,
      "spf_p0_home": null,
      "spf_p0_draw": null,
      "spf_p0_away": null,
      "spf_min_odds": null,
      "spf_max_odds": null,
      "spf_vig": null,
      "rqspf_home": 1.98,
      "rqspf_draw": 3.85,
      "rqspf_away": 2.74,
      "rqspf_p0_home": 0.4470445646093605,
      "rqspf_p0_draw": 0.22990863322767105,
      "rqspf_p0_away": 0.3230468021629685,
      "rqspf_vig": 0.12975426844039983,
      "home_goals": 1,
      "away_goals": 1,
      "total_goals": 2,
      "score_diff": 0,
      "actual_winner": "draw",
      "actual_handicap_result": "home_win",
      "spf_hit": null,
      "rqspf_hit": true
    },
    {
      "mid": "2040167",
      "code": "周六006",
      "home": "巴西",
      "away": "摩洛哥",
      "handicap": -1,
      "spf_home": 1.5,
      "spf_draw": 3.6,
      "spf_away": 5.4,
      "spf_p0_home": 0.5901639344262295,
      "spf_p0_draw": 0.24590163934426232,
      "spf_p0_away": 0.1639344262295082,
      "spf_min_odds": 1.5,
      "spf_max_odds": 5.4,
      "spf_vig": 0.12962962962962954,
      "rqspf_home": 2.8,
      "rqspf_draw": 3.26,
      "rqspf_away": 2.15,
      "rqspf_p0_home": 0.3163334386424155,
      "rqspf_p0_draw": 0.2716974319628109,
      "rqspf_p0_away": 0.41196912939477365,
      "rqspf_vig": 0.1290076024702933,
      "home_goals": 1,
      "away_goals": 1,
      "total_goals": 2,
      "score_diff": 0,
      "actual_winner": "draw",
      "actual_handicap_result": "home_lose",
      "spf_hit": false,
      "rqspf_hit": true
    },
    {
      "mid": "2040168",
      "code": "周六007",
      "home": "海地",
      "away": "苏格兰",
      "handicap": 1,
      "spf_home": null,
      "spf_draw": null,
      "spf_away": null,
      "spf_p0_home": null,
      "spf_p0_draw": null,
      "spf_p0_away": null,
      "spf_min_odds": null,
      "spf_max_odds": null,
      "spf_vig": null,
      "rqspf_home": 7.4,
      "rqspf_draw": 4.12,
      "rqspf_away": 1.33,
      "rqspf_p0_home": 0.1196168488701058,
      "rqspf_p0_draw": 0.21484579651426775,
      "rqspf_p0_away": 0.6655373546156264,
      "rqspf_vig": 0.1297332809851972,
      "home_goals": 0,
      "away_goals": 1,
      "total_goals": 1,
      "score_diff": -1,
      "actual_winner": "away",
      "actual_handicap_result": "draw",
      "spf_hit": null,
      "rqspf_hit": false
    },
    {
      "mid": "2040169",
      "code": "周六008",
      "home": "澳大利亚",
      "away": "土耳其",
      "handicap": 1,
      "spf_home": null,
      "spf_draw": null,
      "spf_away": null,
      "spf_p0_home": null,
      "spf_p0_draw": null,
      "spf_p0_away": null,
      "spf_min_odds": null,
      "spf_max_odds": null,
      "spf_vig": null,
      "rqspf_home": 5.55,
      "rqspf_draw": 3.78,
      "rqspf_away": 1.46,
      "rqspf_p0_home": 0.15949920233058196,
      "rqspf_p0_draw": 0.23418533675521955,
      "rqspf_p0_away": 0.6063154609141984,
      "rqspf_vig": 0.1296619515797599,
      "home_goals": 2,
      "away_goals": 0,
      "total_goals": 2,
      "score_diff": 2,
      "actual_winner": "home",
      "actual_handicap_result": "home_win",
      "spf_hit": null,
      "rqspf_hit": false
    },
    {
      "mid": "2040170",
      "code": "周日009",
      "home": "德国",
      "away": "库拉索",
      "handicap": -3,
      "spf_home": null,
      "spf_draw": null,
      "spf_away": null,
      "spf_p0_home": null,
      "spf_p0_draw": null,
      "spf_p0_away": null,
      "spf_min_odds": null,
      "spf_max_odds": null,
      "spf_vig": null,
      "rqspf_home": 1.71,
      "rqspf_draw": 4.1,
      "rqspf_away": 3.55,
      "rqspf_p0_home": 0.5266585855661896,
      "rqspf_p0_draw": 0.21965516617516692,
      "rqspf_p0_away": 0.25368624825864344,
      "rqspf_vig": 0.1103879015068876,
      "home_goals": 7,
      "away_goals": 1,
      "total_goals": 8,
      "score_diff": 6,
      "actual_winner": "home",
      "actual_handicap_result": "home_win",
      "spf_hit": null,
      "rqspf_hit": true
    },
    {
      "mid": "2040171",
      "code": "周日010",
      "home": "荷兰",
      "away": "日本",
      "handicap": -1,
      "spf_home": 1.86,
      "spf_draw": 3.33,
      "spf_away": 3.43,
      "spf_p0_home": 0.47600175032818653,
      "spf_p0_draw": 0.2658748515346628,